,2016,2017,2018
model_score,0.013873895417773478,0.0186798501932198,0.03210463872171757
grade_ord,0.007501273586166001,0.019068535060460634,0.042135189691148954
sub_grade_te,0.07651519085694586,0.08905793708081398,0.1222531684749952
term_ord,0.012311281377825034,0.0008763566737156952,0.0006927436446610201
acc_open_past_24mths,0.05178775815729554,0.04996511922968464,0.06012082153044991
home_ownership_ord,0.004751774816537248,0.006454810736256074,0.014378691871298777
mort_acc,0.01693950868384994,0.02528319215580533,0.021180177695260587
dti,0.009347434277023071,0.005005709796430681,0.04511320745209675
int_rate,0.0820448056721053,0.0968164998604598,0.14719640311659532
emp_title_te,0.05981048416626349,0.06268695918211954,0.07549241861514198
avg_cur_bal,0.05916985649659578,0.06867772561773046,0.09663460302033722
