applicant,risk_before,reachable,risk_after,Reduce other debt (DTI),Pay down credit cards,Borrow less,n_actions,total_reduction
11098,0.5818703,False,0.35994837,,,,,
37173,0.6788717,False,0.5426525,,,,,
14151,0.32986256,True,0.30387852,0.0,0.1,0.0,1.0,0.1
27352,0.70021874,False,0.5513411,,,,,
39359,0.5485066,False,0.4286664,,,,,
28054,0.41051748,True,0.30664426,0.5,0.4,0.5,3.0,1.4
36278,0.42429057,True,0.29850602,0.4,0.0,0.5,2.0,0.9
18927,0.58700436,False,0.44944477,,,,,
22823,0.75640476,False,0.5822935,,,,,
29896,0.33551785,True,0.3045493,0.5,0.0,0.0,1.0,0.5
38331,0.42159462,True,0.2929136,0.0,0.0,0.5,1.0,0.5
5793,0.31145492,True,0.28763556,0.1,0.0,0.0,1.0,0.1
23863,0.41576114,False,0.30992043,,,,,
26740,0.38643283,True,0.29331097,0.5,0.1,0.0,2.0,0.6
14472,0.3782495,True,0.3000478,0.0,0.0,0.3,1.0,0.3
15612,0.60782695,False,0.49967238,,,,,
7575,0.4469162,False,0.33386296,,,,,
13099,0.59017,False,0.4551611,,,,,
8008,0.6621352,False,0.43396914,,,,,
16662,0.48189056,False,0.32766625,,,,,
25879,0.3304038,True,0.28364438,0.2,0.0,0.0,1.0,0.2
21443,0.39370167,True,0.28132412,0.3,0.0,0.5,2.0,0.8
13660,0.31576595,True,0.30646086,0.3,0.0,0.0,1.0,0.3
30939,0.3628808,True,0.2980744,0.0,0.0,0.4,1.0,0.4
37825,0.33046833,True,0.3026287,0.0,0.0,0.1,1.0,0.1
10785,0.3968203,False,0.31212792,,,,,
15782,0.3670095,True,0.30470088,0.5,0.0,0.0,1.0,0.5
18929,0.4006304,True,0.3059521,0.2,0.1,0.2,3.0,0.5
9564,0.39251125,True,0.30051887,0.0,0.5,0.5,2.0,1.0
13298,0.38625333,True,0.30490795,0.5,0.2,0.3,3.0,1.0
16294,0.3582747,True,0.3042863,0.3,0.0,0.5,2.0,0.8
19705,0.5361259,False,0.36175206,,,,,
1157,0.36239225,True,0.30194637,0.3,0.0,0.5,2.0,0.8
11372,0.33470878,True,0.30394462,0.4,0.0,0.0,1.0,0.4
31838,0.49109995,False,0.3574893,,,,,
14124,0.40110323,False,0.30970967,,,,,
13656,0.5653148,False,0.4028413,,,,,
37732,0.5160735,False,0.36054006,,,,,
25551,0.64800924,False,0.5147444,,,,,
26314,0.42334107,True,0.28116146,0.5,0.0,0.5,2.0,1.0
32986,0.49720988,False,0.36365,,,,,
3114,0.4536629,True,0.30618843,0.4,0.0,0.5,2.0,0.9
9311,0.3442518,True,0.27133963,0.0,0.0,0.4,1.0,0.4
23300,0.3263819,True,0.2895371,0.2,0.0,0.0,1.0,0.2
36286,0.3480005,True,0.30467293,0.0,0.0,0.5,1.0,0.5
27231,0.34651613,True,0.30567968,0.0,0.0,0.2,1.0,0.2
5583,0.45923465,False,0.3229783,,,,,
39441,0.43714938,False,0.31081876,,,,,
29649,0.35365817,True,0.30019966,0.0,0.0,0.4,1.0,0.4
25671,0.6094846,False,0.45183405,,,,,
35039,0.31330577,True,0.29668278,0.1,0.0,0.0,1.0,0.1
17144,0.49759984,False,0.38739422,,,,,
34739,0.3986417,False,0.3420936,,,,,
11387,0.34265032,True,0.30630013,0.0,0.0,0.3,1.0,0.3
34347,0.5602424,False,0.4008636,,,,,
32358,0.34129697,True,0.30500308,0.0,0.0,0.3,1.0,0.3
34964,0.42380404,True,0.2973687,0.4,0.0,0.5,2.0,0.9
30950,0.34518048,True,0.30462617,0.0,0.0,0.5,1.0,0.5
25932,0.46291834,False,0.3314379,,,,,
20430,0.57733345,False,0.40903968,,,,,
32863,0.4046697,True,0.2946688,0.0,0.0,0.5,1.0,0.5
20934,0.37641472,False,0.3215302,,,,,
12371,0.32670376,True,0.29979646,0.0,0.0,0.4,1.0,0.4
35934,0.36908066,True,0.3052785,0.5,0.0,0.4,2.0,0.9
34548,0.5334847,False,0.39007938,,,,,
30833,0.43465766,True,0.28731593,0.5,0.0,0.4,2.0,0.9
21541,0.45093337,False,0.40732637,,,,,
5744,0.3450161,True,0.30213404,0.3,0.0,0.3,2.0,0.6
22517,0.3986674,True,0.29574108,0.5,0.0,0.5,2.0,1.0
13435,0.31565621,True,0.293714,0.0,0.1,0.0,1.0,0.1
9936,0.623813,False,0.4735429,,,,,
36664,0.5776734,False,0.4104915,,,,,
1641,0.58448046,False,0.42653936,,,,,
5403,0.72425073,False,0.48972264,,,,,
602,0.35400748,True,0.28538963,0.0,0.0,0.3,1.0,0.3
24949,0.41901115,True,0.29987517,0.4,0.2,0.5,3.0,1.1
7276,0.3110074,True,0.30427003,0.2,0.0,0.0,1.0,0.2
18897,0.55201364,False,0.42667925,,,,,
5530,0.34384134,True,0.29244667,0.4,0.0,0.0,1.0,0.4
10336,0.6653308,False,0.4341766,,,,,
13571,0.40340003,True,0.27542892,0.0,0.0,0.3,1.0,0.3
35867,0.40464687,True,0.30322823,0.4,0.0,0.5,2.0,0.9
38277,0.38044244,True,0.30380845,0.0,0.0,0.4,1.0,0.4
13432,0.44741315,False,0.32867658,,,,,
12367,0.3169931,True,0.2457336,0.0,0.1,0.0,1.0,0.1
37064,0.45597845,False,0.38087013,,,,,
23419,0.34377772,True,0.29673338,0.0,0.0,0.4,1.0,0.4
30731,0.49265164,False,0.36212417,,,,,
29632,0.38561314,True,0.30370608,0.0,0.4,0.5,2.0,0.9
10759,0.3496641,True,0.30119184,0.3,0.0,0.0,1.0,0.3
14441,0.40645048,True,0.29810187,0.5,0.0,0.5,2.0,1.0
32988,0.37523258,True,0.29807457,0.4,0.0,0.4,2.0,0.8
16,0.6139531,False,0.4504835,,,,,
13717,0.3543925,True,0.28289136,0.3,0.0,0.0,1.0,0.3
26032,0.46427712,False,0.3331363,,,,,
17790,0.5417944,False,0.35153654,,,,,
1540,0.44240296,False,0.3282154,,,,,
22314,0.34309724,False,0.30939656,,,,,
212,0.53565824,False,0.4188677,,,,,
15260,0.3351413,True,0.29479402,0.0,0.3,0.0,1.0,0.3
10099,0.42147443,False,0.33010212,,,,,
27779,0.78091735,False,0.51908165,,,,,
27787,0.75887936,False,0.54011464,,,,,
28084,0.4502228,False,0.3179182,,,,,
19775,0.33920935,True,0.3043185,0.0,0.0,0.3,1.0,0.3
8092,0.47493178,False,0.34506628,,,,,
11846,0.31795612,True,0.30280122,0.0,0.0,0.1,1.0,0.1
17413,0.43069956,True,0.29744017,0.5,0.0,0.3,2.0,0.8
7485,0.4270806,False,0.34132132,,,,,
2230,0.34795773,True,0.3063321,0.1,0.0,0.3,2.0,0.4
8345,0.40577388,True,0.30146113,0.5,0.0,0.3,2.0,0.8
30755,0.397389,False,0.3159828,,,,,
12298,0.3365708,True,0.2889941,0.0,0.0,0.2,1.0,0.2
19486,0.45316124,True,0.30536094,0.5,0.4,0.3,3.0,1.2
32193,0.48801666,False,0.41277376,,,,,
24853,0.34918177,True,0.25395453,0.4,0.0,0.0,1.0,0.4
19151,0.36863452,True,0.29192895,0.3,0.0,0.1,2.0,0.4
19955,0.4110984,False,0.32790992,,,,,
1507,0.36339518,True,0.3060983,0.0,0.0,0.2,1.0,0.2
5207,0.47465622,False,0.35150433,,,,,
10530,0.5621675,False,0.42660245,,,,,
38460,0.32133207,True,0.29069367,0.0,0.0,0.1,1.0,0.1
15453,0.36744347,True,0.29782587,0.0,0.0,0.5,1.0,0.5
16744,0.38640323,True,0.30252546,0.2,0.0,0.0,1.0,0.2
28037,0.3207857,True,0.30642352,0.2,0.0,0.0,1.0,0.2
36234,0.3264723,True,0.2974585,0.0,0.0,0.4,1.0,0.4
21968,0.39682907,True,0.29038975,0.0,0.1,0.2,2.0,0.30000000000000004
11790,0.32909516,True,0.3043848,0.4,0.0,0.0,1.0,0.4
9251,0.337196,True,0.24761729,0.0,0.0,0.5,1.0,0.5
17703,0.34048378,True,0.3010728,0.2,0.0,0.0,1.0,0.2
29111,0.3768022,True,0.29669797,0.1,0.1,0.0,2.0,0.2
20933,0.4663871,False,0.37206152,,,,,
20820,0.3659101,True,0.26361936,0.0,0.0,0.5,1.0,0.5
4562,0.6264008,False,0.4267474,,,,,
39329,0.31383336,True,0.3042101,0.0,0.0,0.1,1.0,0.1
12813,0.6847093,False,0.4609113,,,,,
26635,0.3824426,False,0.3260967,,,,,
15164,0.42349404,False,0.32353324,,,,,
33435,0.4351894,False,0.34425366,,,,,
26973,0.43843123,True,0.29396978,0.4,0.0,0.5,2.0,0.9
7896,0.4315703,False,0.3411215,,,,,
38261,0.40245664,True,0.30358574,0.0,0.0,0.5,1.0,0.5
15355,0.30863535,True,0.30700594,0.0,0.0,0.1,1.0,0.1
22420,0.3090871,True,0.28704622,0.2,0.0,0.0,1.0,0.2
25637,0.5574348,False,0.40428218,,,,,
38789,0.5029889,False,0.3812564,,,,,
35310,0.34039673,True,0.28101367,0.4,0.0,0.0,1.0,0.4
13136,0.43458724,False,0.30758843,,,,,
22590,0.3139445,True,0.30289173,0.0,0.0,0.1,1.0,0.1
35169,0.5743828,False,0.45011646,,,,,
16718,0.35269246,True,0.29482004,0.0,0.0,0.4,1.0,0.4
6114,0.6396218,False,0.44469664,,,,,
1477,0.3501443,True,0.3048859,0.0,0.0,0.5,1.0,0.5
24197,0.5243911,False,0.40273762,,,,,
10899,0.6048973,False,0.41989258,,,,,
4317,0.63829136,False,0.49801597,,,,,
26301,0.37720937,True,0.30446324,0.4,0.0,0.0,1.0,0.4
29422,0.3496192,True,0.30269602,0.4,0.0,0.1,2.0,0.5
19706,0.49558547,False,0.35613036,,,,,
13105,0.45023483,False,0.3527736,,,,,
32858,0.3096684,True,0.29405794,0.0,0.0,0.1,1.0,0.1
7535,0.35524222,True,0.2990895,0.0,0.0,0.4,1.0,0.4
15182,0.33343542,True,0.30228627,0.3,0.0,0.0,1.0,0.3
7486,0.5314541,False,0.38837004,,,,,
15775,0.33561257,True,0.30291548,0.0,0.1,0.4,2.0,0.5
14316,0.37474382,False,0.31940177,,,,,
12528,0.55621916,False,0.41912803,,,,,
33058,0.3719366,True,0.30210483,0.0,0.1,0.2,2.0,0.30000000000000004
2276,0.6289524,False,0.42909175,,,,,
21190,0.3534753,True,0.30397886,0.1,0.1,0.5,3.0,0.7
31431,0.39394382,False,0.32068574,,,,,
13344,0.37338617,True,0.30483705,0.2,0.0,0.3,2.0,0.5
39693,0.4580871,False,0.34928846,,,,,
34571,0.3722877,True,0.30304435,0.3,0.0,0.4,2.0,0.7
8119,0.68156344,False,0.48908523,,,,,
13075,0.5069117,False,0.36318552,,,,,
3842,0.3966682,True,0.3032093,0.5,0.0,0.4,2.0,0.9
10594,0.4446656,False,0.34685054,,,,,
4487,0.42034167,True,0.29021877,0.0,0.1,0.5,2.0,0.6
1931,0.39303952,True,0.30423623,0.5,0.0,0.1,2.0,0.6
19571,0.43772823,False,0.3632803,,,,,
17664,0.48072225,False,0.32311437,,,,,
17663,0.31964922,True,0.3006089,0.1,0.0,0.0,1.0,0.1
1725,0.56229067,False,0.43079787,,,,,
21994,0.3507393,True,0.3067653,0.5,0.1,0.1,3.0,0.7
10830,0.34429306,True,0.30369818,0.3,0.0,0.0,1.0,0.3
22294,0.32547796,True,0.29892242,0.2,0.0,0.0,1.0,0.2
15155,0.3373084,True,0.304848,0.2,0.0,0.0,1.0,0.2
17897,0.5431435,False,0.3414554,,,,,
21054,0.33259913,True,0.29645172,0.0,0.0,0.2,1.0,0.2
7494,0.47203174,True,0.3037903,0.4,0.4,0.5,3.0,1.3
24654,0.31987077,True,0.28766328,0.3,0.0,0.0,1.0,0.3
37946,0.5243048,False,0.3626374,,,,,
25591,0.33583754,True,0.28571948,0.0,0.0,0.2,1.0,0.2
2815,0.43978736,False,0.34464368,,,,,
3726,0.49791664,False,0.3576923,,,,,
162,0.41399375,True,0.29861268,0.2,0.0,0.5,2.0,0.7
3910,0.5264651,False,0.38305217,,,,,
15950,0.35341057,True,0.30187657,0.0,0.0,0.3,1.0,0.3
22676,0.37454113,True,0.30089945,0.0,0.0,0.5,1.0,0.5
13518,0.33416483,True,0.3050938,0.0,0.0,0.5,1.0,0.5
4602,0.3447698,True,0.3016012,0.0,0.0,0.3,1.0,0.3
6351,0.3695859,True,0.30171737,0.0,0.0,0.4,1.0,0.4
6848,0.3476271,True,0.28160027,0.0,0.0,0.4,1.0,0.4
30844,0.79927975,False,0.5895216,,,,,
386,0.37517795,True,0.30716887,0.5,0.1,0.5,3.0,1.1
3914,0.32524014,True,0.2999943,0.1,0.0,0.0,1.0,0.1
16719,0.33856502,True,0.29340237,0.0,0.0,0.1,1.0,0.1
38539,0.52265924,False,0.3848429,,,,,
21622,0.43049252,True,0.30372867,0.0,0.0,0.5,1.0,0.5
36762,0.30721834,True,0.29747787,0.0,0.0,0.1,1.0,0.1
21435,0.61332434,False,0.458538,,,,,
37312,0.44273174,False,0.32794473,,,,,
31522,0.34471717,True,0.30713364,0.0,0.0,0.4,1.0,0.4
32063,0.34811968,True,0.30019382,0.3,0.0,0.0,1.0,0.3
24287,0.34219816,True,0.3021468,0.0,0.0,0.3,1.0,0.3
32712,0.36773974,True,0.305961,0.2,0.0,0.3,2.0,0.5
20046,0.36509508,True,0.30581373,0.5,0.0,0.5,2.0,1.0
3720,0.3158471,True,0.28763083,0.0,0.0,0.3,1.0,0.3
508,0.47367126,False,0.33201808,,,,,
33560,0.34608924,True,0.30697685,0.0,0.0,0.3,1.0,0.3
6287,0.49987528,False,0.34004784,,,,,
29953,0.47285315,False,0.39427197,,,,,
3923,0.47941127,False,0.37377173,,,,,
8284,0.45282108,False,0.33255643,,,,,
20371,0.35741216,True,0.30259782,0.0,0.1,0.5,2.0,0.6
11355,0.3931757,True,0.30159014,0.0,0.1,0.5,2.0,0.6
1419,0.5726079,False,0.42970005,,,,,
8489,0.45641857,True,0.3015093,0.1,0.1,0.5,3.0,0.7
36756,0.42252848,True,0.30433735,0.5,0.0,0.2,2.0,0.7
20966,0.324831,True,0.29189175,0.0,0.0,0.2,1.0,0.2
6947,0.32461002,True,0.29966137,0.1,0.0,0.0,1.0,0.1
37799,0.407198,True,0.3001961,0.4,0.1,0.0,2.0,0.5
38170,0.38825577,False,0.33268085,,,,,
26217,0.43402267,True,0.28868607,0.5,0.0,0.4,2.0,0.9
33700,0.35831204,True,0.2672612,0.3,0.0,0.0,1.0,0.3
38522,0.561727,False,0.36129844,,,,,
26357,0.47631532,False,0.39043644,,,,,
20380,0.3984432,False,0.33750883,,,,,
30977,0.69478434,False,0.5209721,,,,,
39292,0.33712173,True,0.3029418,0.0,0.0,0.4,1.0,0.4
15220,0.42809016,True,0.30669963,0.4,0.0,0.5,2.0,0.9
11258,0.38266572,True,0.29828033,0.3,0.0,0.3,2.0,0.6
37442,0.3613137,True,0.29370025,0.0,0.0,0.4,1.0,0.4
10939,0.34614545,True,0.30692038,0.1,0.0,0.5,2.0,0.6
35469,0.31261775,True,0.29278672,0.2,0.0,0.0,1.0,0.2
36828,0.5448099,False,0.43330303,,,,,
7905,0.4119608,True,0.3042618,0.2,0.0,0.5,2.0,0.7
99,0.41605547,False,0.32031032,,,,,
20259,0.3835227,False,0.3131547,,,,,
8114,0.52256566,False,0.3800148,,,,,
14879,0.5390994,False,0.45383087,,,,,
3,0.33583447,True,0.2984821,0.0,0.0,0.3,1.0,0.3
25053,0.37289783,True,0.30376032,0.5,0.0,0.0,1.0,0.5
5074,0.3477307,True,0.2945843,0.0,0.0,0.5,1.0,0.5
31782,0.32132408,True,0.2912083,0.0,0.1,0.0,1.0,0.1
25219,0.36565536,True,0.3022734,0.5,0.0,0.0,1.0,0.5
20445,0.6772218,False,0.47172743,,,,,
3706,0.31741694,True,0.2853844,0.2,0.0,0.0,1.0,0.2
6956,0.51925176,False,0.39410946,,,,,
39170,0.43533555,True,0.29423928,0.2,0.1,0.5,3.0,0.8
18470,0.3825521,False,0.31971163,,,,,
10524,0.38462684,False,0.3090643,,,,,
3573,0.35036463,True,0.30343556,0.4,0.0,0.0,1.0,0.4
36617,0.33100417,True,0.30575183,0.0,0.0,0.4,1.0,0.4
17993,0.3530995,True,0.30506802,0.0,0.0,0.5,1.0,0.5
26145,0.4417198,False,0.32317603,,,,,
7976,0.6098574,False,0.445658,,,,,
30233,0.43243724,True,0.2880788,0.5,0.0,0.5,2.0,1.0
23440,0.39799738,False,0.3149862,,,,,
25033,0.41534582,True,0.3042484,0.5,0.1,0.5,3.0,1.1
26391,0.47628242,False,0.41618502,,,,,
25680,0.52248335,False,0.3684442,,,,,
10238,0.43101504,False,0.33427763,,,,,
5794,0.40788823,True,0.30397525,0.5,0.3,0.0,2.0,0.8
27449,0.3107409,True,0.30258638,0.0,0.0,0.2,1.0,0.2
14808,0.4155989,True,0.29363945,0.4,0.0,0.4,2.0,0.8
19061,0.3322062,True,0.30506426,0.0,0.0,0.2,1.0,0.2
19700,0.6004395,False,0.4174751,,,,,
6211,0.37575245,False,0.311366,,,,,
39308,0.3585975,False,0.30776933,,,,,
10033,0.31784362,True,0.30117717,0.0,0.0,0.2,1.0,0.2
6525,0.4033125,False,0.32339826,,,,,
18645,0.32193756,True,0.28686056,0.0,0.0,0.3,1.0,0.3
10660,0.3174727,True,0.3042329,0.2,0.0,0.0,1.0,0.2
30707,0.39277783,False,0.32713842,,,,,
8622,0.3171919,True,0.30441377,0.1,0.0,0.0,1.0,0.1
38771,0.37914893,True,0.30449876,0.1,0.0,0.5,2.0,0.6
20988,0.49984854,False,0.3653519,,,,,
13856,0.39176446,True,0.2975489,0.1,0.1,0.0,2.0,0.2
2550,0.5242937,False,0.40811512,,,,,
2675,0.34221253,True,0.2819251,0.3,0.0,0.0,1.0,0.3
22477,0.37010425,True,0.29873604,0.0,0.1,0.0,1.0,0.1
25912,0.5116519,False,0.4041391,,,,,
28361,0.40228462,False,0.31736332,,,,,
15234,0.5033578,True,0.29813984,0.3,0.0,0.5,2.0,0.8
19350,0.3437271,True,0.30663484,0.2,0.0,0.0,1.0,0.2
20028,0.36155915,True,0.30711827,0.5,0.0,0.5,2.0,1.0
36200,0.4278982,False,0.3740305,,,,,
15282,0.3324402,True,0.3013405,0.3,0.0,0.0,1.0,0.3
20678,0.52429634,False,0.42899406,,,,,
29438,0.44588646,True,0.30082825,0.5,0.1,0.5,3.0,1.1
14390,0.31181467,True,0.3028193,0.0,0.0,0.4,1.0,0.4
38082,0.42863762,False,0.35121784,,,,,
32851,0.45525613,False,0.35208812,,,,,
428,0.5607199,False,0.4434207,,,,,
35805,0.4317625,False,0.3455945,,,,,
16269,0.36001584,True,0.2934648,0.0,0.0,0.5,1.0,0.5
11806,0.32759455,True,0.30332154,0.2,0.0,0.0,1.0,0.2
654,0.31846094,True,0.29873598,0.1,0.0,0.0,1.0,0.1
9636,0.39040828,True,0.30441326,0.5,0.0,0.1,2.0,0.6
11126,0.7351169,False,0.56070775,,,,,
24634,0.4856234,False,0.34988543,,,,,
31564,0.34368217,True,0.30404422,0.0,0.0,0.5,1.0,0.5
2958,0.34213772,True,0.29847375,0.3,0.0,0.0,1.0,0.3
29411,0.33276454,True,0.2988076,0.0,0.0,0.5,1.0,0.5
5069,0.4527481,False,0.31074497,,,,,
24361,0.35119733,True,0.29894796,0.0,0.0,0.2,1.0,0.2
35247,0.37409317,True,0.29772574,0.2,0.0,0.1,2.0,0.30000000000000004
8974,0.3094026,True,0.30232036,0.0,0.0,0.1,1.0,0.1
11947,0.40731883,False,0.35511762,,,,,
10525,0.68059117,False,0.47877198,,,,,
23275,0.50400096,False,0.36402723,,,,,
33620,0.45446473,True,0.29980943,0.4,0.0,0.5,2.0,0.9
27640,0.43888018,False,0.32801166,,,,,
199,0.62022555,False,0.5061134,,,,,
20407,0.35186577,True,0.3013065,0.2,0.0,0.0,1.0,0.2
33402,0.3129673,True,0.30386806,0.0,0.0,0.2,1.0,0.2
36830,0.3455183,True,0.29445907,0.0,0.0,0.5,1.0,0.5
7605,0.5782724,False,0.3889558,,,,,
247,0.40169767,True,0.28984913,0.1,0.0,0.3,2.0,0.4
19520,0.5284214,False,0.36325076,,,,,
10718,0.44654107,False,0.32606065,,,,,
17227,0.32599175,True,0.28085488,0.0,0.0,0.3,1.0,0.3
8467,0.3484986,True,0.30669835,0.3,0.0,0.0,1.0,0.3
24830,0.4093496,False,0.30796918,,,,,
32942,0.3256831,True,0.30404338,0.1,0.0,0.0,1.0,0.1
2455,0.3120124,True,0.28832462,0.2,0.0,0.0,1.0,0.2
20509,0.48229793,False,0.34592688,,,,,
29702,0.31212765,True,0.29177496,0.2,0.0,0.0,1.0,0.2
3182,0.31747887,True,0.282795,0.0,0.1,0.0,1.0,0.1
13761,0.33956668,True,0.28030023,0.0,0.0,0.4,1.0,0.4
39470,0.48423925,False,0.38700482,,,,,
34399,0.43126234,False,0.33346522,,,,,
30937,0.3897332,True,0.29371187,0.0,0.0,0.5,1.0,0.5
30771,0.47335607,False,0.3724309,,,,,
3027,0.47204784,False,0.40219867,,,,,
12702,0.5174898,False,0.3426822,,,,,
39950,0.39793345,True,0.2965762,0.3,0.0,0.5,2.0,0.8
26478,0.3421153,True,0.2903649,0.4,0.0,0.0,1.0,0.4
16781,0.33902597,True,0.2947788,0.0,0.0,0.4,1.0,0.4
28703,0.34656504,True,0.29463944,0.0,0.1,0.1,2.0,0.2
13089,0.5803091,False,0.3410769,,,,,
34044,0.49147353,False,0.3626444,,,,,
27437,0.6800144,False,0.560126,,,,,
10972,0.36591223,True,0.30379766,0.1,0.0,0.4,2.0,0.5
27452,0.417057,False,0.34224316,,,,,
27262,0.649686,False,0.52196753,,,,,
24398,0.33880082,True,0.29760864,0.0,0.1,0.0,1.0,0.1
14511,0.33591318,True,0.28878888,0.0,0.0,0.1,1.0,0.1
10883,0.3469139,True,0.30634162,0.0,0.0,0.4,1.0,0.4
26798,0.37351394,True,0.28649652,0.5,0.0,0.0,1.0,0.5
1647,0.48517087,True,0.29544523,0.5,0.0,0.5,2.0,1.0
35556,0.30938432,True,0.2772886,0.0,0.0,0.1,1.0,0.1
15739,0.5317306,False,0.3630003,,,,,
21193,0.3524289,True,0.30161008,0.4,0.0,0.4,2.0,0.8
24179,0.46158665,True,0.3066929,0.5,0.4,0.4,3.0,1.3
29806,0.5989521,False,0.4285017,,,,,
11674,0.41735905,True,0.30626392,0.4,0.0,0.4,2.0,0.8
20436,0.64046204,False,0.47366932,,,,,
34194,0.3672395,True,0.30224332,0.2,0.0,0.5,2.0,0.7
25024,0.3498821,True,0.30324674,0.4,0.0,0.0,1.0,0.4
32983,0.64713854,False,0.46293765,,,,,
39021,0.3766012,True,0.2917079,0.2,0.0,0.4,2.0,0.6000000000000001
36101,0.34026277,True,0.30462942,0.4,0.0,0.5,2.0,0.9
6531,0.37685287,True,0.29718414,0.3,0.1,0.0,2.0,0.4
31601,0.5013901,True,0.30631012,0.5,0.2,0.3,3.0,1.0
4685,0.30967686,True,0.3038999,0.0,0.0,0.1,1.0,0.1
10259,0.431049,True,0.30518293,0.2,0.0,0.5,2.0,0.7
28484,0.4499662,False,0.3588966,,,,,
17156,0.37884566,True,0.30131015,0.5,0.0,0.0,1.0,0.5
12504,0.41193977,False,0.32109365,,,,,
7405,0.33753833,True,0.28398144,0.0,0.0,0.4,1.0,0.4
2142,0.53217965,False,0.3377994,,,,,
19558,0.30964717,True,0.30103934,0.0,0.0,0.1,1.0,0.1
22701,0.5605914,False,0.4373675,,,,,
14364,0.5679152,False,0.40425673,,,,,
2236,0.37458086,True,0.30281863,0.0,0.4,0.5,2.0,0.9
36795,0.35290185,True,0.30113345,0.0,0.2,0.1,2.0,0.30000000000000004
140,0.44992927,True,0.3057887,0.5,0.0,0.5,2.0,1.0
5388,0.3341716,True,0.3061228,0.0,0.0,0.2,1.0,0.2
2180,0.4407479,True,0.30457193,0.4,0.2,0.4,3.0,1.0
2610,0.41386598,False,0.31685713,,,,,
35398,0.48677504,True,0.3051979,0.4,0.3,0.5,3.0,1.2
36346,0.4324467,False,0.333834,,,,,
29868,0.4089827,False,0.32654533,,,,,
5271,0.4983912,False,0.34611234,,,,,
25470,0.5983663,False,0.42980757,,,,,
19636,0.48168677,False,0.31804574,,,,,
23123,0.4160212,False,0.324206,,,,,
7741,0.30971348,True,0.28611702,0.1,0.0,0.0,1.0,0.1
15564,0.40635574,True,0.2909794,0.5,0.0,0.3,2.0,0.8
23554,0.448576,False,0.3759153,,,,,
29680,0.68890285,False,0.5116778,,,,,
15465,0.46629593,False,0.31805384,,,,,
24622,0.4480668,True,0.30320072,0.5,0.0,0.5,2.0,1.0
22832,0.33031493,True,0.30720857,0.1,0.0,0.0,1.0,0.1
20314,0.34289747,True,0.28902248,0.0,0.0,0.4,1.0,0.4
7542,0.4022009,True,0.30615798,0.4,0.0,0.5,2.0,0.9
8844,0.38615426,True,0.300259,0.4,0.0,0.2,2.0,0.6000000000000001
37102,0.66825473,False,0.51300675,,,,,
10799,0.3297176,True,0.30601197,0.0,0.2,0.0,1.0,0.2
17481,0.34021795,True,0.30194703,0.3,0.0,0.0,1.0,0.3
12412,0.4707519,False,0.35765332,,,,,
11815,0.3329686,True,0.29844755,0.0,0.0,0.3,1.0,0.3
32220,0.33929238,True,0.29716757,0.0,0.0,0.4,1.0,0.4
34984,0.44639084,False,0.36124426,,,,,
3020,0.32406968,True,0.3062934,0.2,0.0,0.0,1.0,0.2
30142,0.5131947,False,0.39332712,,,,,
17310,0.5601397,False,0.43855104,,,,,
5749,0.56544006,False,0.40614828,,,,,
23020,0.5253195,False,0.33017775,,,,,
14446,0.36478558,True,0.30541366,0.3,0.0,0.2,2.0,0.5
8636,0.34551483,True,0.30472416,0.0,0.0,0.3,1.0,0.3
22479,0.4571588,False,0.31651685,,,,,
36336,0.31194782,True,0.29340455,0.0,0.0,0.1,1.0,0.1
31023,0.41132596,True,0.30194125,0.3,0.0,0.5,2.0,0.8
35674,0.44669905,False,0.33237818,,,,,
34589,0.58405185,False,0.4391811,,,,,
18865,0.42964482,False,0.3204238,,,,,
20918,0.31139436,True,0.30372915,0.0,0.0,0.1,1.0,0.1
2406,0.41113073,True,0.30681098,0.3,0.0,0.5,2.0,0.8
20946,0.44834536,False,0.32298487,,,,,
6194,0.3988226,True,0.30661458,0.3,0.0,0.5,2.0,0.8
32965,0.3671276,True,0.30237693,0.1,0.0,0.5,2.0,0.6
34699,0.51702017,False,0.39287668,,,,,
27995,0.52976114,False,0.44714978,,,,,
4234,0.32513845,True,0.30500442,0.2,0.0,0.0,1.0,0.2
13368,0.38270152,False,0.3172617,,,,,
10404,0.42779884,True,0.27189326,0.0,0.0,0.5,1.0,0.5
32147,0.5502047,False,0.3765901,,,,,
7646,0.49160782,False,0.37150583,,,,,
3897,0.39804804,True,0.30526277,0.5,0.0,0.5,2.0,1.0
33884,0.3546977,True,0.30505455,0.2,0.0,0.3,2.0,0.5
6813,0.4135118,True,0.30107474,0.4,0.0,0.5,2.0,0.9
19586,0.3117884,True,0.29446405,0.0,0.0,0.1,1.0,0.1
39362,0.40653002,True,0.30372852,0.5,0.0,0.5,2.0,1.0
27177,0.39532092,True,0.28256807,0.0,0.0,0.4,1.0,0.4
28988,0.3565787,True,0.29670733,0.0,0.0,0.4,1.0,0.4
7758,0.41549104,False,0.32159948,,,,,
25195,0.50462765,False,0.39252302,,,,,
1248,0.4231858,True,0.3042159,0.5,0.0,0.4,2.0,0.9
15012,0.4051349,True,0.2995221,0.2,0.0,0.5,2.0,0.7
24048,0.3472918,True,0.28830984,0.0,0.0,0.2,1.0,0.2
21117,0.53622085,False,0.38844463,,,,,
17305,0.3142572,True,0.30364478,0.0,0.0,0.2,1.0,0.2
27882,0.40426552,False,0.31953433,,,,,
11078,0.321186,True,0.30530065,0.0,0.1,0.0,1.0,0.1
22393,0.34703588,True,0.29797718,0.3,0.0,0.0,1.0,0.3
32478,0.34451148,True,0.28835517,0.1,0.0,0.1,2.0,0.2
33863,0.3431504,True,0.3015226,0.2,0.0,0.0,1.0,0.2
25016,0.3419037,True,0.3012735,0.4,0.0,0.0,1.0,0.4
26864,0.46717545,False,0.33622926,,,,,
28422,0.58126676,False,0.4528842,,,,,
1343,0.4791499,False,0.38809234,,,,,
2690,0.31674019,True,0.29961926,0.1,0.0,0.0,1.0,0.1
17374,0.37704793,True,0.30544895,0.3,0.0,0.1,2.0,0.4
9788,0.48636267,False,0.3891019,,,,,
25549,0.33488014,True,0.30697086,0.2,0.0,0.2,2.0,0.4
15180,0.4313503,False,0.32274255,,,,,
833,0.49848375,False,0.32035398,,,,,
1254,0.4401032,False,0.3521692,,,,,
21260,0.8208643,False,0.63028234,,,,,
32624,0.38944983,True,0.29106665,0.0,0.0,0.4,1.0,0.4
9686,0.53445834,False,0.39160922,,,,,
29230,0.34063837,True,0.30207944,0.0,0.0,0.4,1.0,0.4
22511,0.36475196,True,0.30463108,0.0,0.0,0.5,1.0,0.5
26348,0.317748,True,0.30655435,0.0,0.0,0.2,1.0,0.2
1498,0.40085685,False,0.33485928,,,,,
8902,0.30933112,True,0.29334027,0.0,0.0,0.1,1.0,0.1
31062,0.42080575,False,0.33270302,,,,,
33478,0.46759367,False,0.40354308,,,,,
1139,0.35849515,True,0.2990703,0.1,0.0,0.0,1.0,0.1
15097,0.3212598,True,0.2991048,0.0,0.0,0.2,1.0,0.2
6083,0.441233,False,0.34983295,,,,,
31068,0.46436515,False,0.34041807,,,,,
25326,0.3939216,True,0.30435333,0.4,0.0,0.5,2.0,0.9
8830,0.33397242,True,0.29820913,0.2,0.0,0.0,1.0,0.2
262,0.41891843,True,0.28803083,0.5,0.0,0.5,2.0,1.0
9466,0.46337914,False,0.4128594,,,,,
1640,0.41161394,True,0.29995164,0.5,0.0,0.1,2.0,0.6
6426,0.38634843,True,0.3015722,0.4,0.0,0.2,2.0,0.6000000000000001
14403,0.53105396,False,0.35635003,,,,,
9935,0.568223,False,0.44497377,,,,,
37201,0.35345492,True,0.3064518,0.5,0.0,0.3,2.0,0.8
1697,0.3128196,True,0.30715394,0.1,0.0,0.0,1.0,0.1
23491,0.35230017,True,0.30623457,0.1,0.5,0.5,3.0,1.1
19660,0.65614325,False,0.4851264,,,,,
8033,0.32773796,True,0.25296825,0.0,0.0,0.5,1.0,0.5
23935,0.38518563,False,0.33084846,,,,,
