group,count,avg_pred_prob,true_default_rate,predicted_default_rate
small_business,418,0.29541653,0.3038277511961722,0.2966507177033493
house,251,0.24359486,0.24302788844621515,0.23904382470119523
moving,291,0.22767991,0.22336769759450173,0.20962199312714777
other,2358,0.22221552,0.21289228159457166,0.20441051738761662
debt_consolidation,23290,0.2105761,0.21232288535852298,0.2043366251610133
medical,465,0.20876363,0.22580645161290322,0.1956989247311828
vacation,271,0.19930704,0.2140221402214022,0.18081180811808117
major_purchase,836,0.19090255,0.18899521531100477,0.1854066985645933
home_improvement,2689,0.18139966,0.17999256229081442,0.17329862402380067
credit_card,8562,0.16582732,0.16433076384022424,0.15708946507825275
car,449,0.13665608,0.1291759465478842,0.11804008908685969
