feature,monotonic,unconstrained
int_rate,0.0,64.8
earliest_cr_line_te,0.0,46.7
pct_tl_nvr_dlq,0.0,34.849999999999994
bc_util,0.0,30.55
annual_inc,0.0,14.7
emp_title_te,0.0,14.7
revol_util,0.0,11.799999999999999
all_util,0.0,9.049999999999999
percent_bc_gt_75,0.0,8.5
fico_range_low,0.0,7.449999999999999
sub_grade_te,0.0,7.199999999999999
dti,0.0,5.4
fico_range_high,0.0,4.1000000000000005
delinq_2yrs,0.0,0.0
num_accts_ever_120_pd,0.0,0.0
inq_last_6mths,0.0,0.0
inq_last_12m,0.0,0.0
grade_ord,0.0,0.0
pub_rec,0.0,0.0
num_tl_90g_dpd_24m,0.0,0.0
pub_rec_bankruptcies,0.0,0.0
term_ord,0.0,0.0
