Model,Test,Severity,AUC,Accuracy
LogReg,noise,0.05,1.0,0.999975
LogReg,noise,0.1,0.999978483116616,0.99735
LogReg,noise,0.2,0.9895779069199214,0.937475
LogReg,missing,0.05,0.9995175051572524,0.9939
LogReg,missing,0.1,0.9984873170518114,0.987675
LogReg,missing,0.2,0.995664367509242,0.972925
LogReg,shift,0.05,1.0,1.0
LogReg,shift,0.1,1.0,1.0
LogReg,shift,0.2,1.0,1.0
RandomForest,noise,0.05,1.0,1.0
RandomForest,noise,0.1,0.9999892474116495,0.998775
RandomForest,noise,0.2,0.9935228815450811,0.940125
RandomForest,missing,0.05,0.9999582500661359,0.99645
RandomForest,missing,0.1,0.9997792861006369,0.991575
RandomForest,missing,0.2,0.9987399414179631,0.98005
RandomForest,shift,0.05,1.0,1.0
RandomForest,shift,0.1,1.0,1.0
RandomForest,shift,0.2,1.0,1.0
XGBoost,noise,0.05,0.9974871643927625,0.6018
XGBoost,noise,0.1,0.9975440666766774,0.59735
XGBoost,noise,0.2,0.9956286094459688,0.60205
XGBoost,missing,0.05,0.999855763909669,0.9904
XGBoost,missing,0.1,0.99954162287538,0.980475
XGBoost,missing,0.2,0.9979464624431132,0.960725
XGBoost,shift,0.05,1.0,1.0
XGBoost,shift,0.1,1.0,1.0
XGBoost,shift,0.2,1.0,1.0
HGB,noise,0.05,1.0,1.0
HGB,noise,0.1,0.998594446859208,0.998575
HGB,noise,0.2,0.9329388731370918,0.931575
HGB,missing,0.05,0.9734115591062289,0.98935
HGB,missing,0.1,0.9501934839595556,0.98005
HGB,missing,0.2,0.8992635126700786,0.95965
HGB,shift,0.05,1.0,1.0
HGB,shift,0.1,1.0,1.0
HGB,shift,0.2,1.0,1.0
