threshold,f1,precision,recall,fraction_flagged_default
0.01,0.3334654622076649,0.2000951403319897,1.0,0.998525
0.02,0.3371341695172938,0.20278920896204847,0.9988738738738738,0.98415
0.03,0.34252408809359947,0.20680968211094952,0.9963713713713713,0.9626
0.04,0.34846420881487017,0.21134267896167583,0.9922422422422422,0.93805
0.05,0.3555906221821461,0.21686647602287726,0.9868618618618619,0.9092
0.060000000000000005,0.36225837852871645,0.22230756101723845,0.9778528528528528,0.87885
0.06999999999999999,0.3692344554929915,0.22834365646208102,0.9640890890890891,0.843575
0.08,0.37758141382049243,0.23550904136735198,0.9517017017017017,0.8074
0.09,0.38472462495804177,0.242378891889254,0.9321821821821822,0.768425
0.09999999999999999,0.3934470328724377,0.25059968473716676,0.91504004004004,0.72955
0.11,0.4021089828084247,0.2591360925356949,0.897022022022022,0.691625
0.12,0.41013770876062117,0.2677710612900758,0.8757507507507507,0.65345
0.13,0.41570424686831653,0.27500202118198724,0.8512262262262262,0.61845
0.14,0.4212600928221756,0.2823659763061451,0.8290790790790791,0.58665
0.15000000000000002,0.4269087523277467,0.29071557971014494,0.8031781781781782,0.552
0.16,0.4303392658509455,0.29793993068925684,0.7745245245245245,0.5194
0.17,0.4346278199585861,0.30621960583567953,0.7484984984984985,0.488375
0.18000000000000002,0.43852910978438603,0.31499590275880907,0.7214714714714715,0.457625
0.19,0.44015688760350224,0.32204765493651805,0.69507007007007,0.431225
0.2,0.4415412601289896,0.32971103976290445,0.6681681681681682,0.4049
0.21000000000000002,0.44303195399316814,0.3384869507763462,0.641016016016016,0.378375
0.22,0.4429687852915933,0.34662424885118415,0.6134884884884885,0.353625
0.23,0.4409463662927703,0.3536972629668834,0.5853353353353353,0.33065
0.24000000000000002,0.43937456977087225,0.3618985906366434,0.5590590590590591,0.30865
0.25,0.4383954154727794,0.37084487534626037,0.536036036036036,0.2888
0.26,0.43575121249267174,0.3795376473865008,0.5115115115115115,0.269275
0.27,0.4309055663251177,0.38656464275067076,0.48673673673673673,0.251575
0.28,0.427289461573861,0.395442930153322,0.4647147147147147,0.2348
0.29000000000000004,0.4214042832428563,0.4026906852126325,0.4419419419419419,0.219275
0.3,0.4149120634134258,0.4107405590975969,0.4191691691691692,0.2039
0.31,0.40887520841349234,0.4193633254406735,0.3988988988988989,0.19005
0.32,0.39957463777748237,0.42614119648426424,0.3761261261261261,0.17635
0.33,0.38844169246646026,0.4314534617148097,0.35322822822822825,0.163575
0.34,0.3793103448275862,0.43805309734513276,0.3344594594594595,0.15255
0.35000000000000003,0.37108116026955756,0.44752650176678443,0.3169419419419419,0.1415
0.36000000000000004,0.3596185863478129,0.4549980850248947,0.2972972972972973,0.13055
0.37,0.3492931344216199,0.46476823945125756,0.2797797797797798,0.120275
0.38,0.33649670258967346,0.4709590274651058,0.26176176176176175,0.11105
0.39,0.32487982761478534,0.48109965635738833,0.24524524524524524,0.10185
0.4,0.3098976109215017,0.4871244635193133,0.22722722722722724,0.0932
0.41000000000000003,0.29827013803948976,0.49420961204400693,0.2135885885885886,0.08635
0.42000000000000004,0.2841774988794263,0.5011065444198546,0.19832332332332334,0.079075
0.43,0.27364369501466274,0.5113013698630137,0.1868118118118118,0.073
0.44,0.25891429109041303,0.521805081532044,0.17217217217217218,0.065925
0.45,0.24539170506912442,0.5272277227722773,0.15990990990990991,0.0606
0.46,0.2297947559658254,0.5340027384755819,0.1463963963963964,0.054775
0.47000000000000003,0.21777822217778223,0.5420607267297163,0.13626126126126126,0.050225
0.48000000000000004,0.20232748060432829,0.5493348115299335,0.123998998998999,0.0451
0.49,0.1872923588039867,0.55,0.11286286286286286,0.041
0.5,0.17428963768881378,0.559322033898305,0.10322822822822823,0.036875
0.51,0.161744173558157,0.5708870356330553,0.09421921921921922,0.032975
0.52,0.1503595554587056,0.581787521079258,0.08633633633633633,0.02965
0.53,0.13716814159292035,0.5916030534351145,0.07757757757757758,0.0262
0.54,0.12576927380552758,0.5947089947089947,0.07032032032032032,0.023625
0.55,0.11374192817491786,0.6011976047904192,0.06281281281281281,0.020875
0.56,0.1025523635115028,0.6013422818791946,0.056056056056056056,0.018625
0.5700000000000001,0.09309309309309309,0.6051051051051051,0.05042542542542543,0.01665
0.5800000000000001,0.08410017472335468,0.6087689713322091,0.04517017017017017,0.014825
0.59,0.07474438829474674,0.6150870406189555,0.03978978978978979,0.012925
0.6,0.0641254007837549,0.6293706293706294,0.033783783783783786,0.010725
0.61,0.05614621908971449,0.6200527704485488,0.029404404404404404,0.009475
0.62,0.04861612515042118,0.6352201257861635,0.025275275275275275,0.00795
0.63,0.041177182996245607,0.6415094339622641,0.02127127127127127,0.006625
0.64,0.035288391336091504,0.6415929203539823,0.018143143143143144,0.00565
0.65,0.030077026531360802,0.6577540106951871,0.01539039039039039,0.004675
0.66,0.02286416717885679,0.6503496503496503,0.011636636636636636,0.003575
0.67,0.017773389286595904,0.6545454545454545,0.009009009009009009,0.00275
0.68,0.014358212650080455,0.6666666666666666,0.007257257257257258,0.002175
0.6900000000000001,0.012158808933002481,0.7205882352941176,0.006131131131131131,0.0017
0.7000000000000001,0.009694258016405667,0.7222222222222222,0.00487987987987988,0.00135
0.7100000000000001,0.007963170337190495,0.7111111111111111,0.004004004004004004,0.001125
0.72,0.007220216606498195,0.7073170731707317,0.003628628628628629,0.001025
0.73,0.005486284289276808,0.7857142857142857,0.0027527527527527527,0.0007
0.74,0.004492138757174944,0.8181818181818182,0.0022522522522522522,0.00055
0.75,0.002498126405196103,0.7142857142857143,0.0012512512512512512,0.00035
0.76,0.0014998125234345708,0.6666666666666666,0.0007507507507507507,0.000225
0.77,0.0012501562695336917,0.7142857142857143,0.0006256256256256256,0.000175
0.78,0.0012501562695336917,0.7142857142857143,0.0006256256256256256,0.000175
0.79,0.0007502813555083156,0.6,0.00037537537537537537,0.000125
0.8,0.0005003752814610958,1.0,0.00025025025025025025,5e-05
0.81,0.0005003752814610958,1.0,0.00025025025025025025,5e-05
0.8200000000000001,0.00025021894157387716,1.0,0.00012512512512512512,2.5e-05
0.8300000000000001,0.0,0.0,0.0,0.0
0.8400000000000001,0.0,0.0,0.0,0.0
0.85,0.0,0.0,0.0,0.0
0.86,0.0,0.0,0.0,0.0
0.87,0.0,0.0,0.0,0.0
0.88,0.0,0.0,0.0,0.0
0.89,0.0,0.0,0.0,0.0
0.9,0.0,0.0,0.0,0.0
0.91,0.0,0.0,0.0,0.0
0.92,0.0,0.0,0.0,0.0
0.93,0.0,0.0,0.0,0.0
0.9400000000000001,0.0,0.0,0.0,0.0
0.9500000000000001,0.0,0.0,0.0,0.0
0.9600000000000001,0.0,0.0,0.0,0.0
0.97,0.0,0.0,0.0,0.0
0.98,0.0,0.0,0.0,0.0
0.99,0.0,0.0,0.0,0.0
